Món ăn,Phân loại,Nguyên liệu,Các bước thực hiện,Calo (kcal/100g),Protein (g),Lipid (g),Glucid (g),Ghi chú sức khỏe
Thịt kho tàu,Món mặn,"500g thịt ba chỉ; 5 quả trứng vịt luộc; 1 tô nước dừa; Hành tím, tỏi, nước mắm, đường, nước màu","Thái thịt vuông, ướp gia vị 30 phút; Đảo săn thịt trên bếp; Đổ nước dừa vào kho liu riu; Cho trứng vào kho cùng đến khi thịt mềm",280,15,23,4,Chứa nhiều chất béo bão hòa và đường
Canh chua cá lóc,Món canh,"1 con cá lóc; Dứa, cà chua, đậu bắp, dọc mùng, giá đỗ; Me chua, hành lá, ngò gai; Gia vị","Làm sạch cá và sơ chế rau củ; Đun sôi nước me rồi cho cá vào nấu chín; Cho dứa, cà chua, đậu bắp vào; Thêm giá đỗ, rau thơm và nêm gia vị",55,7,1,5,Ít năng lượng
Rau muống xào tỏi,Món xào,"1 bó rau muống; 2 củ tỏi lớn; Dầu ăn, hạt nêm, nước mắm",Nhặt rau và đập dập tỏi; Chần sơ rau với nước muối; Phi thơm tỏi với dầu ăn; Cho rau vào xào nhanh tay trên lửa lớn và nêm gia vị,90,3,8,4,Giàu sắt và chất xơ
Trứng chiên hành tây,Món mặn,"3 quả trứng; 1/2 củ hành tây; Hành lá, nước mắm, tiêu",Thái nhỏ hành tây và hành lá; Đánh tan trứng với gia vị; Phi thơm hành tây; Đổ trứng vào chiên vàng đều hai mặt,165,12,12,2.5,Cung cấp protein nhanh chóng
Phở bò,Món nước,"300g bánh phở; 250g thịt bò; Xương bò, hành tây, gừng nướng; Hành lá, ngò rí, quế, hồi; Nước mắm, muối","Hầm xương bò với hành tây và gừng để lấy nước dùng; Nêm quế, hồi và gia vị cho thơm; Chần bánh phở và xếp vào tô cùng thịt bò; Chan nước dùng nóng và thêm rau thơm",85,6,2,10,Nước dùng có thể nhiều natri
Bún bò Huế,Món nước,"300g bún sợi to; 300g bắp bò; Giò heo, sả, mắm ruốc; Hành tím, ớt, rau sống; Gia vị","Hầm bắp bò và giò heo cho mềm; Phi sả với mắm ruốc rồi cho vào nước dùng; Chần bún và xếp thịt vào tô; Chan nước dùng, thêm rau sống và ớt",110,7,4,12,"Đậm vị, nên giảm mắm ruốc nếu ăn nhạt"
Bún chả,Món nướng,"300g bún tươi; 250g thịt nạc vai xay; 200g ba chỉ; Tỏi, hành, nước mắm, đường; Đu đủ xanh, rau sống",Ướp thịt xay và ba chỉ với gia vị; Nướng thịt đến khi chín vàng; Pha nước chấm chua ngọt và ngâm đu đủ; Dùng bún với chả nướng và rau sống,180,9,9,15,Cân bằng hơn khi ăn kèm nhiều rau
Gỏi cuốn tôm thịt,Món cuốn,"10 lá bánh tráng; 150g tôm luộc; 150g thịt ba chỉ luộc; Bún, xà lách, hẹ, rau thơm; Tương đậu phộng",Luộc tôm và thịt rồi thái vừa ăn; Chuẩn bị rau sống và bún; Làm mềm bánh tráng rồi cuốn cùng nhân; Pha tương đậu phộng để chấm,125,8,4,14,"Ít dầu mỡ, giàu rau"
Chả giò,Món chiên,"20 bánh tráng cuốn; 200g thịt xay; 100g tôm; Miến, mộc nhĩ, cà rốt; Trứng gà, hành tím, gia vị","Trộn thịt, tôm, miến và rau củ với gia vị; Cuốn nhân vào bánh tráng; Chiên ngập dầu đến khi vàng giòn; Dùng nóng với rau sống và nước chấm",220,10,13,15,"Chiên nhiều dầu, nên ăn lượng vừa phải"
Cá kho tộ,Món mặn,"500g cá basa; Hành tím, tỏi, ớt; Nước mắm, đường, nước màu; Tiêu, hành lá","Sơ chế cá và ướp cùng gia vị; Thắng nước màu rồi cho cá vào đảo nhẹ; Thêm ít nước và kho lửa nhỏ; Rắc tiêu, hành lá trước khi tắt bếp",165,16,8,4,"Giàu đạm, cần lưu ý lượng muối"
Thịt rang cháy cạnh,Món mặn,"400g thịt ba chỉ; Hành tím, nước mắm, đường; Tiêu, hành lá","Thái thịt mỏng vừa ăn; Rang thịt trên chảo cho ra bớt mỡ; Nêm nước mắm, đường và đảo đến khi xém cạnh; Thêm hành lá và tiêu",260,14,21,3,"Nhiều chất béo, nên ăn kèm rau luộc"
Đậu hũ sốt cà chua,Món chay,"4 bìa đậu hũ; 3 quả cà chua; Hành lá, hành tím; Dầu ăn, muối, nước mắm chay",Cắt đậu hũ và chiên sơ vàng mặt; Xào cà chua cho mềm rồi nêm gia vị; Cho đậu vào sốt cùng cà chua; Rắc hành lá trước khi dùng,115,7,7,5,Nguồn đạm thực vật tốt
Canh bí đỏ nấu tôm,Món canh,"300g bí đỏ; 150g tôm tươi; Hành tím, hành lá; Gia vị","Gọt bí đỏ và cắt miếng vừa ăn; Băm tôm và ướp nhẹ; Phi hành rồi xào tôm cho săn; Thêm nước, nấu bí chín mềm và nêm gia vị",60,5,1,8,Giàu beta-carotene
Canh rau ngót thịt băm,Món canh,"1 bó rau ngót; 150g thịt heo băm; Hành tím, nước mắm, tiêu",Tuốt lá rau ngót và vò nhẹ; Ướp thịt băm với hành tím; Đun sôi nước rồi cho thịt vào; Cho rau ngót vào nấu chín và nêm gia vị,50,4,2,4,Giàu vitamin và dễ ăn
Canh mồng tơi nấu cua,Món canh,"1 bó mồng tơi; 200g cua đồng xay; Mướp, hành tím; Gia vị",Lọc cua lấy nước và gạch; Đun nước cua đến khi đóng riêu; Cho mướp và mồng tơi vào nấu nhanh; Nêm gia vị vừa ăn,48,5,1,4,"Thanh mát, ít năng lượng"
Cá diêu hồng hấp xì dầu,Món hấp,"1 con cá diêu hồng; Gừng, hành lá, thì là; Xì dầu, dầu mè, tiêu","Làm sạch cá và khứa nhẹ thân cá; Ướp cá với gừng và xì dầu; Hấp cá đến khi chín; Rưới nước hấp và thêm hành lá, thì là",130,18,5,2,"Ít dầu, phù hợp ăn nhẹ"
Gà luộc lá chanh,Món luộc,"1 con gà ta; Gừng, muối; Lá chanh, tiêu, chanh","Làm sạch gà và xát muối, gừng; Luộc gà với lửa vừa đến chín; Ngâm nước ấm để da vàng đẹp; Chặt miếng và rắc lá chanh thái chỉ",175,20,9,0,"Giàu protein, nên bỏ bớt da nếu muốn giảm béo"
Bắp cải cuốn thịt hấp,Món hấp,"8 lá bắp cải; 200g thịt heo xay; Cà rốt, nấm mèo, hành lá; Gia vị","Chần lá bắp cải cho mềm; Trộn thịt với cà rốt, nấm mèo và gia vị; Cuốn nhân vào lá bắp cải; Hấp chín và dùng với nước chấm nhạt",95,8,5,4,"Nhiều rau, ít dầu mỡ"
Nem lụi,Món nướng,"300g thịt heo xay; Sả cây; Tỏi, hành tím, mật ong; Bánh tráng, rau sống","Ướp thịt với gia vị rồi quết dẻo; Quấn thịt quanh cây sả; Nướng chín vàng đều; Ăn kèm bánh tráng, rau sống và nước chấm",190,11,11,10,Thơm ngon nhưng có thể khá mặn
Bánh xèo,Món bánh,"200g bột gạo; Nước cốt dừa, bột nghệ; 150g tôm, 100g thịt ba chỉ; Giá đỗ, hành lá; Rau sống","Pha bột với nước cốt dừa và bột nghệ; Xào sơ tôm thịt; Đổ bột vào chảo nóng rồi thêm nhân; Gập bánh, chiên vàng và ăn cùng rau sống",210,8,11,19,"Khá nhiều dầu, nên ăn kèm nhiều rau"
Cơm tấm sườn bì chả,Món cơm,"300g cơm tấm; 2 miếng sườn heo; Bì heo, chả trứng; Dưa leo, đồ chua; Nước mắm pha","Ướp sườn rồi nướng chín; Hấp hoặc nướng chả trứng; Chuẩn bị bì và đồ chua; Dọn cơm cùng sườn, bì, chả và nước mắm",215,10,8,25,Khá giàu năng lượng
Bún riêu cua,Món nước,"300g bún; 200g cua đồng xay; Cà chua, đậu hũ; Hành lá, mắm tôm, rau sống; Gia vị","Lọc cua lấy nước và nấu riêu; Xào cà chua rồi cho vào nồi nước dùng; Chần bún và xếp đậu hũ vào tô; Chan nước dùng, thêm rau sống",92,6,3,11,Cung cấp canxi và đạm từ cua
Mì Quảng gà,Món nước,"300g mì Quảng; 300g thịt gà; Nghệ, hành tím, tỏi; Đậu phộng, bánh tráng nướng; Rau sống","Ướp gà với nghệ và gia vị; Xào gà cho săn rồi thêm ít nước dùng; Luộc mì hoặc trụng mì; Dọn mì với gà, rau sống và đậu phộng",140,9,5,15,Tương đối cân bằng nếu dùng ít dầu
Hủ tiếu Nam Vang,Món nước,"300g hủ tiếu; Tôm, thịt bằm, gan heo; Hẹ, giá đỗ, tỏi phi; Gia vị","Nấu nước dùng từ xương cho ngọt; Xào hoặc trụng sơ tôm, thịt và gan; Chần hủ tiếu và rau; Chan nước dùng, thêm topping và tỏi phi",105,7,3,12,Nên giảm tỏi phi nếu muốn bớt béo
Cháo gà,Món cháo,"150g gạo; 300g thịt gà; Gừng, hành lá, rau răm; Muối, tiêu","Luộc gà lấy nước dùng; Vo gạo rồi nấu nhừ với nước gà; Xé thịt gà thành sợi; Múc cháo ra tô và thêm hành lá, rau răm",75,5,2,9,"Dễ tiêu, phù hợp khi mệt"
Xôi xéo,Món xôi,"300g gạo nếp; 150g đậu xanh; Hành phi, mỡ gà hoặc dầu; Muối",Ngâm nếp và đậu xanh qua đêm; Đồ xôi chín dẻo; Hấp chín đậu xanh rồi giã mịn; Rắc đậu xanh và hành phi lên xôi,240,5,5,44,"Nhiều tinh bột, no lâu"
Bánh cuốn,Món bánh,"200g bột gạo; 150g thịt băm; Mộc nhĩ, hành tím; Chả lụa, hành phi; Nước mắm pha","Pha bột gạo với nước; Xào nhân thịt băm và mộc nhĩ; Tráng lớp bánh mỏng rồi cuốn nhân; Dùng với chả lụa, hành phi và nước mắm",145,6,4,20,"Mềm dễ ăn, nên kiểm soát nước chấm"
Bún mắm,Món nước,"300g bún; 200g cá, tôm, mực; Mắm cá linh hoặc mắm sặc; Cà tím, sả, rau sống; Gia vị",Nấu nước mắm lọc bỏ cặn; Thêm sả và nấu cùng hải sản; Chần bún và chuẩn bị rau sống; Chan nước dùng lên bún và thêm topping,115,8,3,13,"Hương vị đậm, lượng natri khá cao"
Gà kho gừng,Món mặn,"500g thịt gà; 1 củ gừng lớn; Hành tím, nước mắm, đường; Tiêu",Chặt gà miếng vừa ăn và ướp gia vị; Phi thơm hành và gừng; Cho gà vào đảo săn; Thêm ít nước và kho đến khi thấm,185,17,11,3,"Ấm bụng, nên bớt da để giảm chất béo"
Tôm rim mặn ngọt,Món mặn,"400g tôm tươi; Hành tím, tỏi; Nước mắm, đường, tiêu; Hành lá","Sơ chế tôm và ướp nhẹ; Phi thơm hành tỏi rồi cho tôm vào đảo; Nêm nước mắm, đường cho sệt lại; Rắc hành lá và tiêu",145,18,4,8,"Giàu protein, có cholesterol tự nhiên"
Cà tím nướng mỡ hành,Món nướng,"3 quả cà tím; Hành lá; Dầu ăn hoặc mỡ hành; Đậu phộng rang, nước mắm",Nướng cà tím đến khi mềm; Bóc vỏ hoặc xẻ dọc thân cà; Rưới mỡ hành và nước mắm nhạt; Rắc đậu phộng rang trước khi dùng,95,2,6,8,"Có chất xơ, nên dùng ít mỡ hành"
Nộm hoa chuối tai heo,Món gỏi,"1 bắp hoa chuối; 150g tai heo; Cà rốt, rau răm, đậu phộng; Chanh, tỏi, ớt, nước mắm","Luộc tai heo rồi thái mỏng; Sơ chế hoa chuối, ngâm nước chanh cho trắng; Trộn hoa chuối với tai heo, cà rốt và rau; Rưới nước trộn nộm và rắc đậu phộng",105,7,5,8,"Giàu chất xơ, vị chua ngọt dễ ăn"
Bún thang,Món nước,"300g bún; ức gà luộc; Trứng tráng, giò lụa, nấm hương; Hành lá, rau răm; Nước dùng gà","Luộc gà lấy nước dùng trong; Thái nhỏ gà, trứng tráng và giò lụa; Chần bún và xếp topping gọn trong tô; Chan nước dùng nóng và thêm rau thơm",90,7,2,11,"Thanh nhẹ, ít dầu mỡ"
Bánh bèo chén,Món bánh,"200g bột gạo; Tôm khô, tóp mỡ; Hành lá, nước mắm, ớt; Dầu ăn",Pha bột gạo với nước; Rót bột vào chén nhỏ và hấp chín; Làm nhân tôm khô và mỡ hành; Rưới nước mắm và dùng nóng,155,5,5,22,"Khá nhiều tinh bột, nên dùng vừa phải"
Chè đậu xanh nước cốt dừa,Món chè,"200g đậu xanh cà vỏ; Đường; Nước cốt dừa; Muối, bột năng",Ngâm đậu xanh rồi nấu mềm; Thêm đường và khuấy đều; Nấu nước cốt dừa riêng với chút muối; Múc chè ra chén và chan nước cốt dừa,165,4,5,26,"Món ngọt, nên giảm đường nếu cần"
